Price,Close,High,Low,Open,Volume
Ticker,KVUE,KVUE,KVUE,KVUE,KVUE
Date,,,,,
2023-05-04,24.096223831176758,24.16788539606281,22.618202987560327,22.869019318934757,77004200
2023-05-05,23.737911224365234,24.212670063929146,23.478137036147395,23.881234325262618,11292000
2023-05-08,23.74687385559082,24.051435932719357,23.209411266037726,23.585634907870244,6308300
2023-05-09,23.540847778320312,24.042478746328214,23.352735097475772,23.74687456946953,4684000
2023-05-10,23.513973236083984,23.979774258811847,23.298988542951076,23.54084696343052,9602400
2023-05-11,23.29003143310547,23.5856356098761,23.29003143310547,23.31690516137426,5687300
2023-05-12,23.737911224365234,23.84540440431134,23.200448741726984,23.307941921673088,5433800
2023-05-15,24.633686065673828,24.897938402720186,23.73791566328569,23.73791566328569,7083200
2023-05-16,24.212677001953125,24.87554696068219,24.17684536218833,24.669520157674498,3818400
2023-05-17,24.382871627807617,24.812842752775634,23.82749489206658,24.454533197211187,3392200
2023-05-18,24.221635818481445,24.499324202865647,23.917073703267796,24.382873077818065,2648100
2023-05-19,24.391828536987305,24.417806986742562,23.90811339049206,24.22163338447692,1794300
2023-05-22,23.35273551940918,24.570983886557432,23.25420022249379,24.481406499229493,7509400
2023-05-23,23.29003143310547,23.522931952462105,23.119834571162826,23.2989893425284,2485000
2023-05-24,23.693130493164062,23.782706176647146,23.16462575958998,23.29899099336125,1953600
2023-05-25,23.585636138916016,23.8633245030695,23.200454567822742,23.73791718542855,2139400
2023-05-26,23.558761596679688,23.67521270922287,23.46918592062678,23.67521270922287,844100
2023-05-30,23.04817008972168,23.737913651145707,22.510707552137422,23.540844794401544,6340200
2023-05-31,22.474876403808594,22.949635266058454,22.385299034330817,22.949635266058454,6347800
2023-06-01,22.64507293701172,22.96754907092407,22.170314081008446,22.662987043834598,6072700
2023-06-02,22.886934280395508,23.021301214534976,22.367387488502057,22.62716173872205,2329400
2023-06-05,22.52862548828125,23.084003894697528,22.241979230213417,22.913807038264824,4737300
2023-06-06,22.54654312133789,22.743612012485155,22.304684680920836,22.39426207091381,1315000
2023-06-07,22.46592140197754,22.62268053743081,22.3136403667316,22.48383721989975,1626600
2023-06-08,22.492794036865234,22.53758187094994,22.224061906717942,22.385300843097045,2711800
2023-06-09,22.483837127685547,22.537582872685316,22.259894530215664,22.43904758306371,1874000
2023-06-12,22.412179946899414,22.57341892197084,22.170321484292273,22.403222036223582,2619800
2023-06-13,22.510709762573242,22.591329236554614,22.35842872378026,22.385302451289544,2039800
2023-06-14,22.698822021484375,22.83318723947201,22.5017531490056,22.510709349464527,2412000
2023-06-15,23.06608772277832,23.245242485597117,22.555498869855125,22.752567742118647,1442900
2023-06-16,23.513973236083984,23.522931145199497,23.021300194556048,23.155665414195806,2333000
2023-06-20,23.343774795532227,23.630421033586764,23.23628331053495,23.245241219042448,1487500
2023-06-21,23.46918487548828,23.91707006999343,23.084003334846425,23.460226966572606,3605900
2023-06-22,23.782703399658203,23.827492944716536,23.468288140098426,23.469185126982108,1130700
2023-06-23,23.719999313354492,23.952899817779063,23.531888353172967,23.782702966748335,2793400
2023-06-26,23.424394607543945,23.827491953569147,23.307945212329095,23.8185340449301,2507300
2023-06-27,23.19149398803711,23.3527329256092,22.564455763480094,23.307945091193112,2904600
2023-06-28,23.110876083374023,23.30794666865363,22.994426680883194,23.200453466815073,1807900
2023-06-29,23.28107452392578,23.487101323865318,23.03025817494726,23.05713190437065,1353900
2023-06-30,23.666255950927734,23.881240659294292,23.263158554898816,23.32586392315066,3936600
2023-07-03,23.325862884521484,23.827493848374033,23.110876477181023,23.567719602823107,7558600
2023-07-05,23.021299362182617,23.51397238589714,22.949637800396026,23.20941032116752,1990700
2023-07-06,22.949636459350586,23.115353490946074,22.73465007800698,22.88693110147336,4856900
2023-07-07,22.591331481933594,22.97651307178458,22.582373571873497,22.94964105015093,1793700
2023-07-10,22.618202209472656,22.864538723510105,22.483836993501903,22.671947954151673,2121200
2023-07-11,22.46592140197754,22.886932871870922,22.39873793904246,22.824229217689613,1942600
2023-07-12,22.618202209472656,22.725695407377106,22.358427977855637,22.636118027214465,2320900
2023-07-13,22.752565383911133,22.842142756036214,22.286764415697725,22.770481200045403,2477900
2023-07-14,22.34051513671875,22.94068139676383,22.143444547465833,22.869019830275455,3830200
2023-07-17,22.29572296142578,22.4480039858298,22.16135775366843,22.304680869749113,1709200
2023-07-18,22.224063873291016,22.421134461213438,22.16584002553803,22.17031812592422,1713500
2023-07-19,22.39426040649414,22.43009204324684,21.946375198364258,22.286767204782517,2870800
2023-07-20,21.955333709716797,22.05028447433199,20.145877009193324,21.453702741246214,36675600
2023-07-21,21.507448196411133,22.28676751253244,21.301421407877594,22.0807407239989,14587900
2023-07-24,21.641809463500977,21.865752029728053,20.710209276440356,20.754997106267297,22641600
2023-07-25,22.50174903869629,22.50174903869629,21.632850817904796,21.803047640824694,15018100
2023-07-26,22.1165714263916,22.600286548960792,21.753783803054883,22.47487924098849,10716400
2023-07-27,21.71347427368164,22.394259982165032,21.462657946804672,22.34947214561928,11476200
2023-07-28,21.856796264648438,21.883669990306714,21.543276299487314,21.704515236344257,13214600
2023-07-31,21.211843490600586,21.570151311344556,21.04612644385896,21.507447656282668,14630700
2023-08-01,21.184972763061523,21.292465978778626,20.94311430910807,21.059565435180488,14685500
2023-08-02,21.40890884399414,21.426824659221545,20.934151700291196,21.095388911699292,16233200
2023-08-03,21.489532470703125,21.88815003979918,21.27454777192817,21.52536410810554,16111000
2023-08-04,21.077476501464844,21.516403758586765,20.84457601040185,21.516403758586765,20999100
2023-08-07,21.08643913269043,21.208263637944814,20.889368522280467,21.202888550030835,15379100
2023-08-08,20.943113327026367,21.095394378832463,20.790832275220268,21.095394378832463,20150600
2023-08-09,20.916240692138672,20.99686017064418,20.65646643727724,20.871451143776405,40849100
2023-08-10,20.93415641784668,21.39995575890477,20.701255893044355,21.274548441144503,51365500
2023-08-11,21.24767303466797,21.319334597522552,20.826661566465592,20.871449402544798,46063200
2023-08-14,20.54897117614746,21.22975680969496,20.46835171240195,21.14017943791703,89481200
2023-08-15,20.835620880126953,21.29246401483017,20.28024244915053,20.53105879032481,105996500
2023-08-16,20.540014266967773,21.095390923615412,20.432521073897657,21.041645181353523,86179200
2023-08-17,20.405649185180664,20.86249226864139,20.199620706214677,20.71021124082115,71709300
2023-08-18,20.486270904541016,20.602720311060445,20.029427770878872,20.566888673025826,93537500
2023-08-21,20.513145446777344,21.220805008054654,20.432525959833175,20.755003907609847,178017500
2023-08-22,21.265586853027344,21.33724840914397,20.710210220260063,20.817701700161866,90542700
2023-08-23,21.158100128173828,21.54328001102418,21.158100128173828,21.364126934743084,119406800
2023-08-24,21.193927764892578,21.588067223703746,20.72812674161997,21.46265820448637,372341300
2023-08-25,20.751256942749023,21.040348613070474,20.615746245383598,20.959041850028818,86974600
2023-08-28,20.751256942749023,20.959041850028818,20.426031613694402,20.70608728466455,39395000
2023-08-29,20.651884078979492,20.891286376875392,20.389895228132453,20.534440206837004,59445800
2023-08-30,20.841598510742188,20.904836722909486,20.462167514626337,20.63381532130333,36094000
2023-08-31,20.823530197143555,21.076484771832174,20.787394813966362,20.859667303432815,36119700
2023-09-01,20.742223739624023,21.076485085323206,20.660918695487993,20.959042934360415,27566400
2023-09-05,20.426034927368164,20.760294586888342,20.40796637195835,20.706090643771176,28465000
2023-09-06,20.21824836730957,20.516372615248716,20.145975874570148,20.47120295345363,24727700
2023-09-07,18.962512969970703,20.39893025651063,18.935410139297677,20.27245382626077,102648300
2023-09-08,19.24256706237793,19.36001092909111,18.406916335179016,18.845069250872363,59635700
2023-09-11,19.938190460205078,20.037565772858237,19.513589827880416,19.992394392965004,42830600
2023-09-12,19.025747299194336,19.983359776708774,18.98057764707707,19.947222676525538,43697200
2023-09-13,19.513593673706055,19.793649391790904,19.043821568903386,19.05285584666255,35434500
2023-09-14,19.64006996154785,19.721376737628155,19.418736189083244,19.721376737628155,22195700
2023-09-15,19.170299530029297,19.757515569109596,19.152232696191966,19.622003115098803,32265200
2023-09-18,19.043819427490234,19.287739730222714,18.81796767824433,19.287739730222714,18035300
2023-09-19,19.025747299194336,19.061884399377572,18.691487738058285,18.890236619730754,21142800
2023-09-20,18.87217140197754,19.33290917199754,18.86313712533651,19.197398468606263,15623200
2023-09-21,18.827001571655273,19.206432571587367,18.709557699495875,18.899274061017955,20599600
2023-09-22,18.565011978149414,18.994130620436643,18.5198423202716,18.92637613361992,14865900
2023-09-25,18.817970275878906,18.836038831859668,18.492743160674546,18.52888027263607,16272000
2023-09-26,18.646320343017578,18.83603671325231,18.501775357654044,18.601150681258527,23574200
2023-09-27,18.266887664794922,18.790863619874738,18.104275863380074,18.709556857611318,25270500
2023-09-28,18.16751480102539,18.32109405555092,18.02296982301455,18.176549077540077,32556800
2023-09-29,18.14041519165039,18.361750697770074,18.086211246052404,18.3120630296751,27974900
2023-10-02,18.357229232788086,18.50177420917917,18.190099426919403,18.284956744592545,25296300
2023-10-03,18.05910873413086,18.601153369125655,17.98683623100571,18.42047124975659,24924500
2023-10-04,17.82421875,18.059104764301175,17.661605222936725,17.995866553357015,19610400
2023-10-05,17.851320266723633,17.982314678686112,17.68870675161323,17.89648992176013,18014900
2023-10-06,18.131378173828125,18.303025985916353,17.517061139501504,17.770015719257202,25090300
2023-10-09,17.950698852539062,18.18106689225919,17.770016753184773,17.950698852539062,16032800
2023-10-10,17.7880802154541,18.1404083129087,17.733874567298233,17.995863364049804,13937900
2023-10-11,17.67967414855957,17.959729827126512,17.489959511724173,17.914560167816763,20414700
2023-10-12,17.453821182250977,17.81518360073312,17.37703242218499,17.706775736744444,14461500
2023-10-13,17.498994827270508,17.607402705295804,17.39058522613306,17.508027381179154,16410700
2023-10-16,17.652572631835938,17.815184435437896,17.250555091632172,17.4989933813963,15272000
2023-10-17,17.86939239501953,17.97780027805261,17.17376854029371,17.426723139224617,18750100
2023-10-18,18.122344970703125,18.140413525280138,17.7880853265894,17.878426376362263,18294200
2023-10-19,17.923595428466797,18.256952150417288,17.905526874505952,18.113310075719223,18831500
2023-10-20,17.833251953125,18.095240780541438,17.81518340162485,17.950695814764064,24057700
2023-10-23,17.779048919677734,17.89197478758919,17.54867918419564,17.63450394660003,19716500
2023-10-24,18.050071716308594,18.070850725509402,17.751947470776006,17.779050301501563,21650900
2023-10-25,17.82421875,18.175643999199988,17.81518447370626,18.068139040594914,24711200
2023-10-26,16.884679794311523,17.282177692098106,16.713031956610013,17.029224797708892,60514900
2023-10-27,16.4510440826416,16.902747677087937,16.33811818403002,16.8078903358012,43215400
2023-10-30,16.839506149291992,17.05180734847015,16.09871267528156,16.568484734985,39398800
2023-10-31,16.803369522094727,17.056322363910155,16.713028482969786,16.993084153456298,81622600
2023-11-01,17.056320190429688,17.074388740574605,16.627203324714426,16.78529883070302,20218100
2023-11-02,17.372516632080078,17.386068909136142,16.965984505753287,17.164733430416685,15439000
2023-11-03,17.498994827270508,17.80615163041695,17.435754888124908,17.607402705295804,16874300
2023-11-06,17.480926513671875,17.65257433320372,17.38155118818836,17.580300116043215,13242000
2023-11-07,17.891706466674805,17.9008350970968,17.513790220967035,17.544825475071942,12172600
2023-11-08,17.490053176879883,17.987552153482024,17.44441177176732,17.855189641104392,13552100
2023-11-09,17.544824600219727,17.61785189884603,17.380514484141646,17.599596380020557,10423400
2023-11-10,17.480926513671875,17.631546301477567,17.42615647315535,17.57221107527155,14475400
2023-11-13,17.43528175354004,17.517437669084096,17.339433765774594,17.480923155016576,14283900
2023-11-14,17.718263626098633,17.89170409894754,17.453540343326292,17.563080411677607,16003900
2023-11-15,17.891706466674805,18.046889701632246,17.791293273141097,17.88257783625281,16026300
2023-11-16,17.900833129882812,17.928217277031184,17.773034059127617,17.855189982788804,12665000
2023-11-17,17.964731216430664,18.083399912839138,17.7821621161475,17.85518940803917,12840900
2023-11-20,18.028627395629883,18.147296075690928,17.76390241079778,17.992112884160186,18248800
2023-11-21,18.165557861328125,18.293356942233288,18.001246000955895,18.019503261243514,17662900
2023-11-22,18.29335594177246,18.539821977743447,18.2294555342605,18.256841423194196,21322700
2023-11-24,18.48505210876465,18.708699184316274,18.36638340452434,18.36638340452434,12663700
2023-11-27,18.402896881103516,18.50331007080987,18.265970912209134,18.430282771325658,32839900
2023-11-28,18.402896881103516,18.485052810661777,18.329869581619302,18.39376825102947,19154500
2023-11-29,18.329872131347656,18.585468585650553,18.311614868659934,18.466798119288764,13457500
2023-11-30,18.658491134643555,18.676746651565043,18.293354679594437,18.457664778535573,47302700
2023-12-01,18.886701583862305,18.977986132646254,18.53982064670489,18.53982064670489,17798700
2023-12-04,18.822803497314453,19.03275674715863,18.713261687204273,18.822803497314453,22516200
2023-12-05,18.412025451660156,18.850189247149064,18.40289682161562,18.795419207989987,19199000
2023-12-06,17.700008392333984,18.485053183452518,17.544825160161906,18.45766729267808,37456400
2023-12-07,18.996244430541992,19.523868120269707,17.800421715618437,17.882577647440716,60070800
2023-12-08,18.81367301940918,19.16968082034683,18.80454439103798,19.060139021000257,24536000
2023-12-11,18.79541778564453,18.914086485026953,18.530692757710487,18.713261862569002,18094900
2023-12-12,18.941469192504883,19.087523755423533,18.594590040850026,18.859313283224676,17755000
2023-12-13,19.206199645996094,19.206199645996094,18.72695612500169,19.02363051979744,19393500
2023-12-14,19.22445297241211,19.40702207778146,19.014499720012978,19.288351636958975,19302400
2023-12-15,19.160551071166992,19.22444972491977,18.968855109908663,19.05101101933587,38178500
2023-12-18,19.178815841674805,19.28835593642701,19.060145374400097,19.260971783293165,16832900
2023-12-19,19.59872055053711,20.360944659596473,19.384203826867335,20.31073806221368,50883800
2023-12-20,19.124040603637695,19.790414846022482,19.073834015041538,19.52568983019108,24956700
2023-12-21,19.37051010131836,19.388767362471917,19.096658148448032,19.21532686372964,14647200
2023-12-22,19.498306274414062,19.55307630858152,19.36137857733343,19.39789309418373,9577700
2023-12-26,19.43440818786621,19.53025618578112,19.29291704253369,19.397893669932124,8128600
2023-12-27,19.6717472076416,19.6717472076416,19.407023895283075,19.416152525517255,10852400
2023-12-28,19.59872055053711,19.763032417932337,19.52569324737348,19.6489271479199,8146900
2023-12-29,19.653491973876953,19.680876123869243,19.47092284875668,19.543950150583147,9359200
2024-01-02,19.69000244140625,19.95016228242337,19.553076484203768,19.580462372087467,35216200
2024-01-03,19.416152954101562,19.71739079404622,19.338560465952362,19.553078928420366,18892500
2024-01-04,19.078397750854492,19.521126684949323,19.069269121778436,19.434407320388758,16729000
2024-01-05,19.489179611206055,19.543949650898533,19.11400039948674,19.169684520968282,24854100
2024-01-08,19.744773864746094,19.76303112461929,19.397894632696048,19.397894632696048,14321000
2024-01-09,19.945594787597656,19.9547234150383,19.644357046487084,19.644357046487084,18106300
2024-01-10,19.872568130493164,19.991236808716362,19.67174180273554,19.899952272563596,17925900
2024-01-11,20.018625259399414,20.02775388829626,19.589588406787264,19.79954338919888,16607600
2024-01-12,19.635234832763672,20.119041798504067,19.57133616091476,20.082527276814275,16986400
2024-01-16,19.379636764526367,19.621541097482872,19.24271080199156,19.562205875311495,12962400
2024-01-17,19.151424407958984,19.39332871769137,19.101217820257773,19.224451697040408,14488900
2024-01-18,19.114913940429688,19.178812608447632,18.92321619526774,19.06927079105393,9154600
2024-01-19,18.904956817626953,19.12404042787079,18.740646721605966,19.12404042787079,15841800
2024-01-22,18.658491134643555,18.88670163668775,18.512436552623907,18.73151842565338,20041600
2024-01-23,19.087526321411133,19.151424983639647,18.768031269160613,18.799980600274868,16013200
2024-01-24,18.64936637878418,19.146865446206913,18.63110911696301,19.051017433308264,12345100
2024-01-25,18.941469192504883,18.97798370378841,18.659401034938238,18.804543257407115,12613600
2024-01-26,19.02362632751465,19.160552271434824,18.977984926577204,19.069267728452093,14121400
2024-01-29,19.206199645996094,19.270098317833156,19.00537325895593,19.02363051979744,10817100
2024-01-30,19.051013946533203,19.151425385955374,18.907696382686613,19.124041239343875,10593500
2024-01-31,18.95060157775879,19.133168947051804,18.923215688866204,19.124042058529017,13225600
2024-02-01,19.06926727294922,19.16968044194246,18.74977399180308,18.968855845063775,11400600
2024-02-02,19.01449966430664,19.096655587371355,18.831930559472163,18.914086482536874,12678900
2024-02-05,18.695005416870117,18.9414731968151,18.487790918964013,18.9414731968151,12643400
2024-02-06,18.804546356201172,18.941472313862914,18.621977251913503,18.658491769214244,13267100
2024-02-07,18.731517791748047,18.93234239995184,18.631104617092202,18.93234239995184,26170300
2024-02-08,17.645235061645508,18.29791720397978,17.61784917597763,18.119913299908227,44119600
2024-02-09,17.645235061645508,17.905394881612832,17.417024571070108,17.526566372633763,24589600
2024-02-12,17.882572174072266,17.928213570622518,17.622412383298943,17.773030384800915,17750800
2024-02-13,17.753459930419922,18.06241540174006,17.605898845749575,17.891798227415013,16678500
2024-02-14,17.60589599609375,17.859516459378717,17.53211546570055,17.725788698332728,15853000
2024-02-15,17.569005966186523,17.762680970174745,17.52289379141475,17.624342686792705,18646500
2024-02-16,17.569005966186523,17.61511990002501,17.444502742489387,17.532116578182446,16387600
2024-02-20,17.578229904174805,17.64278765670994,17.384556646569386,17.513672151639664,15817600
2024-02-21,17.79956817626953,17.831847046466304,17.43066554611607,17.61511774072605,12660700
2024-02-22,17.6981258392334,17.81801856681091,17.476784201274707,17.762683597087978,11359000
2024-02-23,17.688899993896484,17.82262776009254,17.569005527973584,17.661231634283507,13774600
2024-02-26,17.467559814453125,17.65385554408792,17.37533370064444,17.652010283003687,17420200
2024-02-27,17.44911766052246,17.495229846933018,17.26466539674592,17.43989487142692,15954200
2024-02-28,17.65201187133789,17.67968023569015,17.2554407776237,17.45833859807299,16447700
2024-02-29,17.52289581298828,17.767293533794337,17.430669693738118,17.670456900161778,19298500
2024-03-01,17.356887817382812,17.467559503798338,17.23699510291054,17.356887817382812,14618600
2024-03-04,17.48600196838379,17.596673646251187,17.163213239326055,17.30155151736032,18745500
2024-03-05,17.532115936279297,17.707345360316452,17.366109298672168,17.439889831045708,19216100
2024-03-06,18.057804107666016,18.2238107605184,17.513671971790675,17.522894759067675,17447900
2024-03-07,18.260698318481445,18.65726933627082,18.136195100400254,18.159251186746154,22510900
2024-03-08,18.46359634399414,18.565043477069572,18.140805853687485,18.15925142663453,11932700
2024-03-11,18.583494186401367,18.758723659697527,18.463601447241135,18.500490844264615,12106400
2024-03-12,18.574268341064453,18.803911000460587,18.555824525121132,18.620382278589883,12156700
2024-03-13,18.82327651977539,18.952392014319916,18.6296032779586,18.6296032779586,23717400
2024-03-14,18.50971221923828,18.786390591579668,18.366763397975557,18.68494167914779,18494000
2024-03-15,18.758718490600586,18.82788850967664,18.260698575012963,18.260698575012963,68562300
2024-03-18,18.62960433959961,18.795609231016932,18.41748375338837,18.546601014357556,18907400
2024-03-19,18.62960433959961,18.814054805307787,18.53737822721213,18.75871984150201,18217300
2024-03-20,18.82327651977539,18.827888792618655,18.514321083810508,18.592712131479203,13173300
2024-03-21,19.09995460510254,19.293629621429336,18.83250080806732,18.83250080806732,18323600
2024-03-22,18.998506546020508,19.24751651540215,18.94317158362461,19.16451319227494,10408800
2024-03-25,19.044618606567383,19.279795273697395,18.966227556901867,19.09995356862932,11924700
2024-03-26,19.302852630615234,19.385855958699626,19.03539707143956,19.109177612062705,14484300
2024-03-27,19.782426834106445,19.791647862412244,19.3489646229272,19.376632985045074,13286700
2024-03-28,19.791648864746094,19.902320559755655,19.69942450448286,19.902320559755655,14405400
2024-04-01,19.579530715942383,19.810095142910335,19.468860776075275,19.77320574931029,10457500
2024-04-02,19.201404571533203,19.64408783472853,19.182958995800004,19.597975654462445,15495100
2024-04-03,18.758718490600586,19.164512300442354,18.657269598373478,19.1368439409986,15066200
2024-04-04,18.60193634033203,18.980061825322476,18.583490765682054,18.915504073114374,12183400
2024-04-05,18.675716400146484,18.731051363608223,18.491264176518328,18.555823686134925,11313100
2024-04-08,18.500490188598633,18.684942444380376,18.49126739990284,18.675719655684578,9262800
2024-04-09,18.767942428588867,18.860168539993257,18.435929131159778,18.528155242564168,10106700
2024-04-10,18.66649055480957,18.71260448269486,18.45437176373669,18.574264458105475,11808100
2024-04-11,17.937911987304688,18.426707415761495,17.84568587053667,18.40826184059452,25410000
2024-04-12,17.64278793334961,18.02091518525144,17.62895463160855,17.928689069155062,9414800
2024-04-15,17.64278793334961,17.84568574057501,17.53211800128744,17.799571802993395,13423300
2024-04-16,17.624343872070312,17.67967883733119,17.384556677184076,17.596675509906458,20306600
2024-04-17,17.77190399169922,17.845684527748688,17.569006198263136,17.827238953969637,10022900
2024-04-18,18.057804107666016,18.085472469497017,17.76268195106925,17.864130852049442,11215700
2024-04-19,18.057804107666016,18.159253008646207,17.877964153431538,17.974800781239825,9506100
2024-04-22,18.057804107666016,18.1776968241334,17.68890141192006,18.057804107666016,17453800
2024-04-23,17.864131927490234,18.182310191900786,17.76729353478536,18.0762507704306,19765100
2024-04-24,17.64278793334961,17.84568574057501,17.61973184409223,17.77190519951128,22713800
2024-04-25,17.541339874267578,17.794960361009704,17.51367151316113,17.725790337776957,14246300
2024-04-26,17.393779754638672,17.596675803356693,17.370721906250857,17.522895262089516,15454700
2024-04-29,17.578229904174805,17.592064964765783,17.31538662081498,17.384556646569386,13240500
2024-04-30,17.356887817382812,17.578229431147086,17.283107279461387,17.43989114242776,26872700
2024-05-01,17.38455581665039,17.53211688941969,17.190880809223973,17.421445205309343,12771100
2024-05-02,17.633563995361328,17.762679481152084,17.467557365592324,17.467557365592324,22724700
2024-05-03,17.707347869873047,17.845686167795968,17.592065661759467,17.605898963831688,15941000
2024-05-06,17.5966739654541,17.873350526541532,17.462946198666284,17.81801556613738,26549600
2024-05-07,18.715106964111328,18.854910694989623,18.12793058334214,18.12793058334214,30039600
2024-05-08,19.05995750427246,19.274323339845974,18.631224055424575,18.715106648075228,24428800
2024-05-09,19.143842697143555,19.209084327466456,18.9807368436352,19.11588123656184,14394600
2024-05-10,19.143842697143555,19.213743682046193,18.94811602847375,19.190443353745312,15019500
2024-05-13,18.976078033447266,19.37218895902927,18.798992333418315,18.920155110679502,20853100
2024-05-14,19.227724075317383,19.52597433031208,19.00403771734722,19.10656129805481,21289500
2024-05-15,19.143842697143555,19.334908233532524,18.752391137505043,18.82695325468852,97658200
2024-05-16,19.199764251708984,19.52131305562872,19.120541000548357,19.24636490930855,71519400
2024-05-17,19.078598022460938,19.33024581788577,18.994715423985994,19.311604845402233,31071000
2024-05-20,18.547340393066406,19.153157700169185,18.52869942295229,19.106557052584645,24636700
2024-05-21,18.61258316040039,18.733747695925317,18.332975702221255,18.57530299557024,27778900
2024-05-22,18.528701782226562,18.76170860521971,18.45880080194921,18.528701782226562,15202600
2024-05-23,18.11861228942871,18.547344019679986,18.062689368151595,18.510063849863013,16089700
2024-05-24,18.034727096557617,18.22113147428871,17.83434110166358,18.146569367656106,24363700
2024-05-28,17.941524505615234,18.090648722926353,17.80172077409867,17.904242562437005,16231100
2024-05-29,17.58735466003418,17.876282604362313,17.568713688735368,17.764438554270303,13001900
2024-05-30,17.699199676513672,17.82036423104047,17.5593959254991,17.58735738678247,17340100
2024-05-31,17.98812484741211,18.025406789948924,17.587354631346546,17.717837874823665,31659300
2024-06-03,17.932205200195312,18.146571054477914,17.820362918700482,17.83900211381561,15902600
2024-06-04,17.84832191467285,17.95084548352271,17.62929671444944,17.95084548352271,18523500
2024-06-05,17.699199676513672,17.876285375906072,17.540754951310184,17.773761795568188,20674500
2024-06-06,17.36366844177246,17.68987836405375,17.261146643919126,17.568715592881247,27907800
2024-06-07,17.139984130859375,17.484835067419755,17.121344933027377,17.410272942987955,17923400
2024-06-10,17.04677963256836,17.15862190952782,16.85571233550248,17.03745914653825,16438100
2024-06-11,17.214542388916016,17.223862874589276,16.860372821836528,16.972215094513896,23197400
2024-06-12,16.739208221435547,17.335706858324944,16.68328708531184,17.24250377965152,19717800
2024-06-13,16.804452896118164,16.925615663197554,16.620843048299236,16.776491437083997,14768100
2024-06-14,16.841733932495117,16.85105441932059,16.543485464884306,16.673968725038762,15356100
2024-06-17,17.512792587280273,17.54075226658309,16.73920827615276,16.73920827615276,20146700
2024-06-18,17.261146545410156,17.601336306888843,17.149302483834468,17.503473864073275,21747100
2024-06-20,17.55939292907715,17.578033900085074,17.28910418256473,17.382307259903524,24977100
2024-06-21,17.270465850830078,17.69919753919551,17.149301310934852,17.62463542914496,63084700
2024-06-24,17.615318298339844,17.689880422592132,17.414932256092833,17.540756174087555,19862800
2024-06-25,17.382307052612305,17.587354175852546,17.26114429790738,17.50347158501805,15046800
2024-06-26,17.32638931274414,17.345030287182123,17.018820345322105,17.24250670547439,16542100
2024-06-27,17.16794204711914,17.354348208536212,17.084059452251548,17.29842529349055,18657600
2024-06-28,16.944255828857422,17.326386862285702,16.81377258164803,17.177262643274712,57323300
2024-07-01,16.729890823364258,17.144642689348046,16.66930855082812,16.990857330841155,21089800
2024-07-02,17.00017738342285,17.01881835568155,16.767170563291998,16.785811535550696,14781800
2024-07-03,17.065418243408203,17.163282454527625,16.962896455984392,17.13065986568723,5859500
2024-07-05,17.065418243408203,17.07473872911962,16.9069735417159,17.037458563974837,12172600
2024-07-08,17.009496688842773,17.046778630772256,16.776489884886026,17.046778630772256,15968400
2024-07-09,16.981538772583008,17.0561008942853,16.75319305261401,17.018820722284758,12147200
2024-07-10,16.49687957763672,17.000173262720608,16.473577479111103,16.906970201719734,24692600
2024-07-11,16.70193099975586,16.72057197431558,16.468924150862893,16.562127245960315,35772200
2024-07-12,17.093379974365234,17.158621597689386,16.739208622461415,16.879014132671344,12523500
2024-07-15,16.879016876220703,17.139983411935326,16.860375901469318,17.093382752758057,14171600
2024-07-16,17.009496688842773,17.112020251448012,16.78114923877679,16.82309053459704,15408300
2024-07-17,17.18658447265625,17.494153420621796,17.028139755358783,17.028139755358783,17834900
2024-07-18,17.074739456176758,17.475511470328442,17.065418970068468,17.19590399788357,14131000
2024-07-19,17.009496688842773,17.233183007317155,16.92095474331151,17.205221550870043,15412400
2024-07-22,16.99085807800293,17.02814002511108,16.776492215234306,16.972217104448852,15788700
2024-07-23,16.71125030517578,16.990857792992355,16.692609331934396,16.86037453570476,12491000
2024-07-24,16.934934616088867,17.00949672239407,16.636686190868065,16.701927811672512,9390800
2024-07-25,17.009496688842773,17.438228354826794,17.000176203360404,17.0840587950009,11082200
2024-07-26,17.41958999633789,17.50813194611223,17.065418641838697,17.121341557412833,11484600
2024-07-29,17.522111892700195,17.615314974856236,17.2611453959044,17.3823081583166,12564800
2024-07-30,17.47551155090332,17.53143269010994,17.060759694527366,17.261145702527138,12381300
2024-07-31,17.233184814453125,17.48483261576334,17.112022045878405,17.400950015326604,42056200
2024-08-01,17.36366844177246,17.428911848389568,17.13998209504556,17.400950388410806,12817600
2024-08-02,17.540752410888672,17.55939338237782,17.16794186961013,17.38230770863268,17688600
2024-08-05,16.953577041625977,17.58735588844579,16.874353796923003,17.438229885340252,21724900
2024-08-06,19.442092895507812,19.498014043945066,18.557597635153826,18.780352491145496,44403600
2024-08-07,19.218402862548828,19.61917309064548,19.059958157412602,19.283644486245937,24344700
2024-08-08,19.805580139160156,19.91276306541267,19.022677064384332,19.17180129027487,21849700
2024-08-09,19.591215133666992,19.79160115418988,19.493352689514253,19.758980339472302,20636700
2024-08-12,19.656455993652344,19.71703826619968,19.4234491675329,19.647135507283448,17481100
2024-08-13,19.889463424682617,20.029267169066024,19.684418051433695,19.70305724703737,16625400
2024-08-14,19.931812286376953,20.2047209601715,19.875348732306364,19.912990503372082,16462400
2024-08-15,20.298826217651367,20.345880670845872,19.931810457453498,19.941221348092398,10727900
2024-08-16,20.392934799194336,20.430576569519626,20.101204348133386,20.176489683727954,11269800
2024-08-19,20.364700317382812,20.628199866043836,20.35528942690094,20.44939653677586,10019600
2024-08-20,20.280004501342773,20.43057516215985,20.134140183332153,20.364700722420363,11291400
2024-08-21,20.411754608154297,20.5623252647843,20.29882571820989,20.37411104652489,8446800
2024-08-22,20.289419174194336,20.482337981512508,19.978866904000594,20.41175898075368,12239500
2024-08-23,20.534093856811523,20.61408553272316,20.32705963994456,20.336470530930868,6785500
2024-08-26,20.665843963623047,20.75524653581134,20.519979632063663,20.571738638079196,9431500
2024-08-27,20.62820053100586,20.78818208446718,20.458808086759298,20.7034858623439,10096300
2024-08-28,20.439987182617188,20.66302153441944,20.31764918704522,20.65643409008138,7896100
2024-08-29,20.46822166442871,20.637614130911594,20.261187424807478,20.524685221608298,12053500
2024-08-30,20.65643310546875,20.66113765336713,20.439986208321745,20.543504211524926,14008500
2024-09-03,20.79759407043457,20.929342958477946,20.37411293751804,20.468220055382154,13879900
2024-09-04,21.183429718017578,21.296356813262854,20.70348507586562,20.741128637576587,22620800
2024-09-05,21.183429718017578,21.343411265401564,21.061089937400745,21.230482375212475,15490300
2024-09-06,21.51280403137207,21.64455290948254,21.174019150580747,21.183430041152043,18883300
2024-09-09,21.8327693939209,21.86100027361699,21.296359345422754,21.522217152655674,21843100
2024-09-10,21.691604614257812,22.083089029091347,21.541033961620876,21.795122611049617,15021200
2024-09-11,21.729249954223633,21.86099883733348,21.338706057942428,21.78571350485015,12941500
2024-09-12,21.719839096069336,21.823357101494082,21.42810865662422,21.738660877954548,9269900
2024-09-13,22.011568069458008,22.030389850089616,21.68219588312386,21.795122977025912,11090800
2024-09-16,22.002161026000977,22.16214259945323,21.804537679648014,22.115089934591317,9220800
2024-09-17,22.011568069458008,22.133907848619657,21.78571208671011,22.08685339704064,13263700
2024-09-18,21.82335662841797,22.133908843016293,21.715134077339872,22.058623512051362,15225500
2024-09-19,21.550447463989258,22.068035715743328,21.536332024513484,21.96451770640372,13622500
2024-09-20,21.663375854492188,21.672786745569088,21.371643615940165,21.484572513919,75871900
2024-09-23,21.663375854492188,21.785713848603987,21.418698071324656,21.484572513919,20080800
2024-09-24,21.748069763183594,21.828059636402813,21.45163300813407,21.672784437529845,14365300
2024-09-25,21.644554138183594,21.957929811716262,21.588090586494378,21.84217746656783,12625600
2024-09-26,21.766891479492188,21.91746393771834,21.672786161148696,21.785713261138444,12504500
2024-09-27,21.889230728149414,22.053916826153486,21.672785629360103,21.77630183598673,12450000
2024-09-30,21.766891479492188,22.105676369349215,21.715134272380823,21.983338378536338,17088300
2024-10-01,21.437519073486328,21.813945728146482,21.34341196108532,21.804534837411996,13640500
2024-10-02,21.296358108520508,21.39046522357777,21.07991300034956,21.362234345521337,16504900
2024-10-03,20.95757484436035,21.221072610540148,20.93875306250639,21.1551981689952,10312400
2024-10-04,20.85405921936035,21.03380312821039,20.816417446299962,20.98580811748788,8451600
2024-10-07,20.694072723388672,20.924635035219445,20.590554730940934,20.90110691334046,9859300
2024-10-08,20.562326431274414,20.774066990092226,20.47763020774729,20.769360647149654,11377100
2024-10-09,20.261184692382812,20.595263236812354,20.23295202012842,20.534093344399775,10437800
2024-10-10,20.063560485839844,20.327060053991932,19.99768604253781,20.270596501867896,11911600
2024-10-11,20.195310592651367,20.242365051384407,20.05415080634038,20.12943614536918,14513000
2024-10-14,20.32706069946289,20.40705058459996,20.03533024345708,20.101204688850906,18677100
2024-10-15,20.477630615234375,20.68937117826564,20.270596395239334,20.31764905593786,11925300
2024-10-16,20.449398040771484,20.56232693991576,20.345881827745185,20.383523597497305,13919600
2024-10-17,20.18589973449707,20.55291550586992,20.11061440203741,20.55291550586992,12260700
2024-10-18,20.439987182617188,20.458808964995633,20.124730405026064,20.2423638524754,13309700
2024-10-21,21.56926727294922,22.011568353843668,21.45633838264435,21.59749994426139,38291800
2024-10-22,21.57868003845215,21.69160714362593,21.202253362966264,21.221073350532578,18080900
2024-10-23,21.418697357177734,21.602205239698836,21.18343047293142,21.47516090681256,10664000
2024-10-24,21.616321563720703,21.72925046255952,21.432813673683587,21.550447120624707,11664200
2024-10-25,21.305768966674805,21.663375644352307,21.296358075689195,21.606910298438645,8395700
2024-10-28,21.531625747680664,21.541036639008148,21.24460163944043,21.503394868642207,10540300
2024-10-29,21.437519073486328,21.55891651255664,21.296357507412882,21.3810537290794,13109200
2024-10-30,21.541032791137695,21.635139892658188,21.230480612580635,21.315176824454714,15919800
2024-10-31,21.57868003845215,21.799831495588098,21.27847924870576,21.343413141905472,34406400
2024-11-01,21.390466690063477,21.73395615786906,21.381055798418167,21.512806486508453,15528900
2024-11-04,21.68219566345215,21.856292645171173,21.399874341669747,21.465748778269177,17341800
2024-11-05,21.86100196838379,22.180965126000757,21.56927148759567,21.58809327214824,17781300
2024-11-06,21.174020767211914,22.16214101837088,20.990512874420446,22.16214101837088,16727100
2024-11-07,21.616321563720703,22.006865469138326,20.74113022623168,20.863468221275106,28744400
2024-11-08,22.284481048583984,22.322122819201944,21.493984121222837,21.522216795394307,16635100
2024-11-11,22.378589630126953,22.47269496029423,22.105679146798327,22.35976784611585,13838400
2024-11-12,22.25624656677246,22.538567900725173,22.239307681622947,22.359764568716177,10714200
2024-11-13,21.966711044311523,22.403388189253683,21.871782883385436,22.260994137225943,16481200
2024-11-14,22.412879943847656,22.54578080921344,21.957216471407772,22.042653259325345,14017300
2024-11-15,22.612234115600586,22.906515416583282,22.25150237349006,22.327445993441682,16166900
2024-11-18,22.517303466796875,22.787852717974815,22.46983938473146,22.597994579074484,14591600
2024-11-19,22.48882484436035,22.5932461828649,22.061640880264402,22.393894873379185,9838300
2024-11-20,22.574264526367188,22.574264526367188,22.367317561482444,22.460348184482385,7418800
2024-11-21,22.868541717529297,23.01093576120906,22.488823664170436,22.583753630169777,8331200
2024-11-22,22.859050750732422,23.077388426200997,22.784055907382175,23.020431165348036,10505900
2024-11-25,23.01093864440918,23.16282588478373,22.768868920886842,23.015686139155168,26971900
2024-11-26,22.897022247314453,23.21978124874153,22.72614866320457,23.044161980912403,12315700
2024-11-27,22.90651512145996,23.167573009154044,22.830571502486784,22.98245874043314,11666900
2024-11-29,22.859050750732422,23.0109379867661,22.669190800370988,22.783107132715585,7516500
2024-12-02,23.029922485351562,23.039415663167375,22.664443287316125,22.887528439391417,10173800
2024-12-03,22.289474487304688,23.001446641963696,22.242010401249615,22.90651665921473,13665700
2024-12-04,21.985698699951172,22.33219157759477,21.05064141233736,22.260995452693017,27219800
2024-12-05,21.957218170166016,22.270485813220777,21.833810472869924,22.204035375396835,13914400
2024-12-06,21.681922912597656,22.166064137385266,21.662936556181215,22.061640987733448,9708800
2024-12-09,21.653444290161133,22.08062827433388,21.586993850542857,21.833811062438368,15267200
2024-12-10,21.586994171142578,21.810079345150243,21.25474015747804,21.615473707389953,10492300
2024-12-11,21.093358993530273,21.620218626309637,21.06488126892943,21.59648658559605,9433200
2024-12-12,21.188289642333984,21.487318434643978,20.66048121808265,20.86552880855402,14949900
2024-12-13,21.0838680267334,21.178798010184174,20.82755942524679,21.150320282596123,9184000
2024-12-16,20.950963973999023,21.335429534156905,20.931977618046854,21.19778116946153,7786300
2024-12-17,20.9224853515625,21.050638722135826,20.751611776613426,20.979442606332697,10278500
2024-12-18,20.41935920715332,21.045894484585755,20.38138649427203,20.884514076117487,15271800
2024-12-19,20.514291763305664,20.656685833273464,20.333924975672407,20.428854959197217,13048400
2024-12-20,20.666175842285156,20.856033969569747,20.381385935400434,20.4288518252005,22915000
2024-12-23,20.495302200317383,20.719336129730262,20.438344943362505,20.609216714227138,13256800
2024-12-24,20.466827392578125,20.542771022933852,20.286462402132624,20.390883762222394,9164900
2024-12-26,20.618711471557617,20.666177364854708,20.352909711648678,20.409866972966494,5970300
2024-12-27,20.438344955444336,20.699401011500274,20.438344955444336,20.495302212432883,9833600
2024-12-30,20.10609245300293,20.37189421231146,20.10609245300293,20.343416487036226,7123700
2024-12-31,20.267473220825195,20.34341684061022,20.144063707025328,20.17254324343423,6934200
2025-01-02,20.20102310180664,20.48581122787976,20.077613586039874,20.428853964792886,8253900
2025-01-03,20.125078201293945,20.26747225527734,20.0254007339308,20.23899272022521,6079200
2025-01-06,20.039642333984375,20.504797230859516,19.992176440034637,20.504797230859516,10740100
2025-01-07,19.982683181762695,20.23899357615565,19.878261836766043,20.077613158645867,8828800
2025-01-08,20.030149459838867,20.0396426387732,19.678909081823548,19.925726302199955,7579300
2025-01-10,19.792823791503906,19.902941398941184,19.631443384162583,19.84028787163546,11057100
2025-01-13,19.906736373901367,20.020652690042823,19.65042783120033,19.77383551393502,12682000
2025-01-14,19.963699340820312,20.05388182619692,19.868769360580384,19.91623344538096,7275900
2025-01-15,19.792823791503906,20.18013568273992,19.70738699875623,20.115584606186548,10050000
2025-01-16,20.115585327148438,20.139317368064795,19.669414991110827,19.688401348099376,8810500
2025-01-17,20.030149459838867,20.262726006494404,19.963699017937284,20.125079438543445,11267000
2025-01-21,19.745359420776367,20.14406388074583,19.564994453880676,20.12507933361489,19203400
2025-01-22,19.697895050048828,19.7928250268756,19.555500990128024,19.74535913314286,19218300
2025-01-23,19.697895050048828,19.764345490635957,19.446332150500783,19.669415513809184,12575000
2025-01-24,19.72637367248535,19.802317288301023,19.66466891881055,19.73586685079214,12092500
2025-01-27,20.352907180786133,20.447837144937182,20.006414350677503,20.04913274401355,15342800
2025-01-28,20.276966094970703,20.552261033565653,20.23899338032936,20.31493699897335,13831600
2025-01-29,20.229501724243164,20.4193616904623,20.1345717411336,20.35291124547725,12249200
2025-01-30,20.618711471557617,20.666177364854708,20.29595063969217,20.409866972966494,11733100
2025-01-31,20.210514068603516,20.533273064527133,20.19627339641146,20.324428582308663,16433400
2025-02-03,20.153554916381836,20.196273311501304,19.98268133590396,20.106090837644,9693600
2025-02-04,19.754852294921875,20.049135403895978,19.68840185439182,19.849782271667113,11813700
2025-02-05,19.688400268554688,19.982681543186676,19.546006220225568,19.93521746395649,19231100
2025-02-06,18.796062469482422,20.030148513030227,18.748598387693093,19.493795697745245,25808800
2025-02-07,19.15679359436035,19.204257670166076,18.834032809093827,18.890990062188383,17734300
2025-02-10,19.536514282226562,19.688401518169652,19.175782549521386,19.242232988916655,14043000
2025-02-11,19.849782943725586,19.897247028385856,19.489051192646762,19.546008456366835,10921800
2025-02-12,20.094249725341797,20.15656542289361,19.654208996903478,19.682012341522608,10317000
2025-02-13,20.564010620117188,20.69343284943959,20.01755287728958,20.036727218139486,14062000
2025-02-14,21.024185180664062,21.22551028683294,20.472934731469632,20.583184455595337,27015700
2025-02-18,21.091293334960938,21.28303309670512,20.827652533987102,20.889968230838846,14108300
2025-02-19,21.350141525268555,21.393282880355,20.889968290057098,21.215922960240796,14198000
2025-02-20,21.465185165405273,21.647337767292267,20.981044888954845,21.350142764209487,19044800
2025-02-21,22.356769561767578,22.471813778966055,21.41724879748223,21.436423138442944,25663000
2025-02-24,22.337596893310547,22.56289084505307,22.002055044203725,22.337596893310547,18229000
2025-02-25,22.40470314025879,22.72107241973823,22.265691925250923,22.337592953707478,22641600
2025-02-26,22.260900497436523,22.471814598565295,21.949325674007177,22.433465915245204,14615800
2025-02-27,22.184206008911133,22.284870393105937,21.887011013383404,22.1075104672083,15159100
2025-02-28,22.62520408630371,22.65396376820883,22.188997901273936,22.28966044507333,30981700
2025-03-03,22.807357788085938,22.90322583725671,22.500573813615663,22.52933532550639,12834400
2025-03-04,22.452638626098633,23.35381250444113,22.443051455964955,22.931986161388043,15368100
2025-03-05,22.088336944580078,22.510161490400765,21.88221734280971,22.462227464737555,17384400
2025-03-06,22.222553253173828,22.28007444857989,21.992466642983747,22.13627054578182,9739200
2025-03-07,22.452638626098633,22.634791201507014,22.06916096358025,22.078748133713926,14446300
2025-03-10,22.931987762451172,23.349019635270842,22.471814535300787,22.558097243962216,18035100
2025-03-11,22.519746780395508,23.15248537484603,22.414289738465182,23.0566155029608,16475100
2025-03-12,22.117095947265625,22.33759538422961,21.83428081600632,22.12668311781612,13897400
2025-03-13,22.222553253173828,22.385531497295865,21.992466642983747,22.1458577164438,16433800
2025-03-14,21.867834091186523,22.289660435074513,21.77675871758494,22.26089892461656,15798900
2025-03-17,22.443052291870117,22.67793339747914,21.84674418444517,22.02122593310585,16372400
2025-03-18,22.375944137573242,22.701900623063217,22.32801011323417,22.43346533249329,16840600
2025-03-19,22.558095932006836,22.558095932006836,22.19379077694266,22.23213945792447,9646900
2025-03-20,22.42387580871582,22.69231107111573,22.265692082144277,22.471811656590244,16508300
2025-03-21,22.347183227539062,22.414291594847015,22.011639562433434,22.337596056699944,35334700
2025-03-24,22.40470314025879,22.615615383723213,22.13626787975039,22.193789068228753,13187600
2025-03-25,22.145858764648438,22.519749295333522,22.02122736870946,22.500574953102,14987800
2025-03-26,22.4334659576416,22.452640299337883,21.8582485067142,22.145858146460835,9473400
2025-03-27,22.529335021972656,22.720114777816406,22.443052316028773,22.49098633996835,13790600
2025-03-28,22.7210750579834,22.788183423761346,22.463185105418624,22.62520518034383,14401300
2025-03-31,22.9895076751709,23.042236197360747,22.644378688360018,22.85529094855365,16360100
2025-04-01,22.89363670349121,23.047029591855782,22.77859432292487,23.0278552522395,11113800
2025-04-02,22.884052276611328,23.080584694116737,22.63479133733715,22.864877936228915,14093800
2025-04-03,22.644376754760742,23.229179462632366,22.36156165599125,23.008680050999367,21704000
2025-04-04,21.40766143798828,22.79777005974777,21.35014024417981,22.692313013960753,17771400
2025-04-07,20.870792388916016,21.537085178811818,20.487314721555023,21.10087898933261,26882400
2025-04-08,20.60235595703125,21.302202889455863,20.40582354919788,21.187160509954484,13443000
2025-04-09,20.880380630493164,21.2446839760362,20.094249086361405,20.333922869329832,22036500
2025-04-10,20.966663360595703,21.196749973058356,20.5256626486179,20.803685114863928,16963500
2025-04-11,21.177574157714844,21.316585381163524,20.736573476428,21.072117115296436,13221700
2025-04-14,21.771963119506836,21.943570348017413,21.273443096686847,21.446008493594615,16487900
2025-04-15,21.96370506286621,22.16503198901166,21.628161405001016,21.771965307353007,22262800
2025-04-16,21.7911376953125,22.251310873016386,21.685682484942234,22.107506983554632,28527600
2025-04-17,22.42387580871582,22.558094354198587,21.781550075723512,21.781550075723512,22595700
2025-04-21,21.350141525268555,22.41429190312431,21.110467736691852,22.36635787683533,20885900
2025-04-22,22.232141494750977,22.265695679401293,21.513120117559755,21.628162513913434,25918800
2025-04-23,21.99246597290039,22.23213974644989,21.80072622263448,22.016432984542185,13015000
2025-04-24,21.810314178466797,21.992466764922757,21.6089890791464,21.973292423492477,15417600
2025-04-25,22.059574127197266,22.490985818345347,21.460389699020133,21.934942742139597,22249600
2025-04-28,22.15544319152832,22.270485573536142,21.954116280166097,22.030811811026542,12011900
2025-04-29,22.414289474487305,22.47181249408041,21.666508505433853,22.030811820028394,13526300
2025-04-30,22.62520408630371,22.740246471055663,22.22734475333601,22.529334213299926,15990400
2025-05-01,22.970335006713867,23.04703237443904,22.20337961512101,22.38553220633652,15132800
2025-05-02,22.9895076751709,23.200421763930294,22.692312711133102,23.06620320874729,14097700
2025-05-05,22.663551330566406,22.989507807280624,22.447846398282213,22.951160954554947,23279500
2025-05-06,22.59644317626953,22.716280063567154,22.404705253732804,22.51016047112998,15082400
2025-05-07,22.15544319152832,22.649170557157074,22.054778821564362,22.53892084583054,36329100
2025-05-08,23.066205978393555,24.13035823453779,22.979923264189104,23.48803237799687,33046700
2025-05-09,23.43050765991211,23.48802885122283,23.018268493626255,23.05661534497817,24395100
2025-05-12,23.008682250976562,23.59348684332993,22.912812375884336,23.257943194790034,15042200
2025-05-13,22.682727813720703,23.00868432122331,22.529336731197823,22.912814437505023,17777300
2025-05-14,22.43612289428711,22.79297278376568,22.329744138634794,22.62953663373493,13383200
2025-05-15,23.093730926513672,23.20494608195526,22.552169894689516,22.658548646217483,18331200
2025-05-16,23.38385772705078,23.43221070600565,23.11307624907894,23.229125980937706,20725200
2025-05-19,23.209781646728516,23.470892132945664,23.093731926893877,23.422537314453017,22180000
2025-05-20,23.335500717163086,23.393526499929784,23.132416011122857,23.209781876930716,16356900
2025-05-21,23.209781646728516,23.55309255756159,23.14208674538653,23.287147511769035,15095600
2025-05-22,22.72624397277832,23.238793968967506,22.69723108239293,23.209781078582115,13277400
2025-05-23,22.948671340942383,22.985420265466644,22.634373318733772,22.861634511519018,10164000
2025-05-27,23.142087936401367,23.209782841227295,22.85680094852937,23.07439303157544,11682500
2025-05-28,22.774599075317383,23.151759307407083,22.62953829892035,23.13241737867472,10980800
2025-05-29,22.80360984802246,22.943836051471393,22.697231094433935,22.735914948301645,19711500
2025-05-30,23.084064483642578,23.113075532296648,22.687562321407736,22.900319849126117,30017400
2025-06-02,22.89064598083496,22.997024731199023,22.581182537464187,22.871304054487382,9774700
2025-06-03,21.478717803955078,22.851963286960757,21.096724884231488,22.851963286960757,41957100
2025-06-04,20.966169357299805,21.691475021350964,20.93715646670059,21.54641425745027,25027800
2025-06-05,20.937158584594727,21.183763568264105,20.637366062934813,20.966171478128736,16854800
2025-06-06,21.014522552490234,21.18859620882968,20.93715668795578,20.97584054249686,9670500
2025-06-09,20.59868049621582,20.956498775262496,20.579340413345296,20.879132910137233,20375200
2025-06-10,20.811439514160156,20.87913442047315,20.6035183907429,20.685718821395003,14937400
2025-06-11,21.130573272705078,21.135407832477913,20.75341305125101,20.806602431491186,22313400
2025-06-12,21.31431770324707,21.411023654187176,20.956499413306222,21.033865280786976,28059400
2025-06-13,20.743741989135742,21.338492391079527,20.62769227542952,21.236948199881223,37242900
2025-06-16,20.937158584594727,21.30464785783399,20.7340738635003,20.937158584594727,16345200
2025-06-17,20.734073638916016,21.10156106362691,20.71473171010285,20.88880538032564,17940900
2025-06-18,20.656705856323242,20.83077951043459,20.424608265690672,20.705058829332977,14259300
2025-06-20,20.68571662902832,20.98551096028066,20.63736365665738,20.68571662902832,24956500
2025-06-23,20.6663761138916,20.758247497290938,20.337570743923543,20.69538715888738,14174300
2025-06-24,20.4923038482666,20.782425385083556,20.42460894597916,20.589011642054835,16640400
2025-06-25,20.472963333129883,20.685719018504862,20.308560625711255,20.429444915150015,16355800
2025-06-26,20.41493797302246,20.47779647109114,20.24086431319098,20.43427805613327,16341600
2025-06-27,20.1925106048584,20.52131601495078,20.124815698877235,20.463292073330905,24150300
2025-06-30,20.24086570739746,20.31823157881295,20.05228651110646,20.173170800477397,21679400
2025-07-01,20.279544830322266,20.637363087460315,20.21668633688327,20.25053378551892,17882900
2025-07-02,20.211851119995117,20.337571803351292,20.008766416255057,20.289216984926718,18186700
2025-07-03,20.356910705566406,20.42944200672293,20.163496976728364,20.298886771369755,6093100
2025-07-07,20.211851119995117,20.44878511890624,20.1248142913786,20.318229875981462,11616800
2025-07-08,20.0184383392334,20.16349911236307,19.80568081706526,20.066791315427352,16971400
2025-07-09,20.076461791992188,20.182840550492706,19.834693227798468,20.115143803098345,15930200
2025-07-10,20.23119354248047,20.405267203973583,20.06679084490894,20.105474700595305,12723700
2025-07-11,20.63736343383789,20.767918671287028,19.965247164581235,20.134484410599946,25967600
2025-07-14,21.101560592651367,21.846208234407456,20.274712522095776,21.836537270216724,58614500
2025-07-15,20.68571662902832,21.1112297951737,20.47296096822946,20.86462668480565,31071000
2025-07-16,21.130573272705078,21.198268176811556,20.58901219530544,20.60835227894458,21829100
2025-07-17,21.130573272705078,21.29497597319844,20.909113175243707,21.111231344518142,13172800
2025-07-18,21.275632858276367,21.498059486375993,21.186662944855595,21.227279885053907,12727200
2025-07-21,21.401350021362305,21.565752699825804,21.085117100526894,21.24661830569637,10716600
2025-07-22,21.923572540283203,21.957419990263613,21.275632742083303,21.294974669085732,13673000
2025-07-23,21.797855377197266,22.032854459128437,21.614110745664217,21.96225623569526,18382400
2025-07-24,21.759172439575195,21.904233220262782,21.676972006853127,21.826867347592877,6740100
2025-07-25,22.087976455688477,22.11698934780115,21.575426428984635,21.72048720045243,9690400
2025-07-28,21.623779296875,21.99126667438476,21.614108333710583,21.884887924123788,9230800
2025-07-29,21.440034866333008,21.701145340327496,20.821107974981,21.643119560852522,28088900
2025-07-30,20.966169357299805,21.61410915763408,20.956498393766733,21.449706466667244,15348500
2025-07-31,20.734073638916016,21.135408516776025,20.62286031506209,20.772755651994494,29026400
2025-08-01,20.879133224487305,21.03386495706743,20.70022500454424,20.995181101648523,13846400
2025-08-04,21.44970703125,21.55124938419844,20.714730384320276,20.734072311895524,32707600
2025-08-05,20.927486419677734,21.488389417326562,20.927486419677734,21.411023550221472,18068900
2025-08-06,20.734073638916016,21.062879050548432,20.705060745696265,20.966171251030453,32966700
2025-08-07,21.043535232543945,21.23694896966826,20.424608322469847,20.67604599627668,30407500
2025-08-08,20.63736343383789,21.111229567237924,20.269874207414915,20.90814487201547,25925000
2025-08-11,20.52131462097168,20.73407213337204,20.279546062005977,20.676046351145914,18729400
2025-08-12,21.178926467895508,21.20793936047629,20.298889016304418,20.550328551694417,16072100
2025-08-13,21.196500778198242,21.435706706271457,20.874306216493096,21.245319264659532,12908800
2025-08-14,20.561874389648438,21.08422006580853,20.33243403184165,21.050048058002524,17355400
2025-08-15,20.698562622070312,20.786434024301244,20.498411508596433,20.698562622070312,16054000
2025-08-18,20.600929260253906,20.78643577640397,20.474003063117372,20.679036973016867,13241000
2025-08-19,20.98170280456543,21.030521285861624,20.59116426536911,20.69856306198609,13902100
2025-08-20,21.118391036987305,21.328305853054367,20.893831607503596,21.05981072108605,10076900
2025-08-21,20.93288803100586,21.079339763336744,20.84501661916037,20.923124333885827,8979400
2025-08-22,21.098865509033203,21.264844622635504,20.967058401563612,21.00123040769632,8620200
2025-08-25,20.688800811767578,21.11839230379244,20.659509720942566,21.030522755786958,8122900
2025-08-26,20.298261642456055,20.893832240332493,20.25920685584922,20.757144211678018,18006000
2025-08-27,20.259206771850586,20.454476979605683,20.220151985405682,20.288497861684267,16465100
2025-08-28,20.054174423217773,20.312905861639404,19.946775624370446,20.27873385513974,13467600
2025-08-29,20.220151901245117,20.268970384098054,20.015119859966894,20.063936480585127,10307400
2025-09-02,20.288496017456055,20.327548938116326,20.102989523174763,20.171333531006148,11719600
2025-09-03,19.9663028717041,20.293378320740086,19.927248086140878,20.200625998379437,19118200
2025-09-04,20.054174423217773,20.078582733255434,19.780796508985794,20.04441072675577,16966400
2025-09-05,18.179588317871094,20.200627016791607,16.73947561673083,20.024884197366383,135445400
2025-09-08,17.994081497192383,18.482255159678406,17.76952205938515,18.30651234322588,56135000
2025-09-09,18.423673629760742,18.521306866048185,17.69141318419725,18.06242432389952,39520400
2025-09-10,18.03313446044922,18.501782592737865,17.623068508593366,18.433436715566273,25229000
2025-09-11,18.404146194458008,18.5896526949915,17.97455287930898,17.99408027141453,22265500
2025-09-12,18.540836334228516,18.960666001317712,18.32604058321687,18.37485720682662,26731000
2025-09-15,17.81833839416504,18.560362572677885,17.657240194262943,18.54083517955617,24893300
2025-09-16,17.701175689697266,18.14053271860031,17.574251360366766,17.915973287043055,19689000
2025-09-17,17.90620994567871,18.17470508545055,17.59377910214532,17.70117604071322,17820400
2025-09-18,17.671886444091797,18.09171607966301,17.623067961912188,17.749994153344485,27556700
2025-09-19,17.90620994567871,18.150296774968513,17.618187412627353,17.77928375159657,49475600
2025-09-22,16.568613052368164,17.535196658336947,16.485624425531586,17.291109832721556,76034200
2025-09-23,16.83222770690918,17.759758413163777,16.81270031341788,17.47661679424415,68556700
2025-09-24,16.46121597290039,17.095841341559055,16.140973062307776,17.095841341559055,52306400
2025-09-25,15.787535667419434,16.627194928140945,15.758244578475196,16.558849053937728,61109000
2025-09-26,16.03162384033203,16.168311875794355,15.689901889441407,16.03162384033203,51681100
2025-09-29,15.95351505279541,16.207365574610716,15.748481151152985,16.10973047203026,39463500
2025-09-30,15.846116065979004,16.12925767388402,15.777772053652873,15.973042256500102,37973600
2025-10-01,15.475105285644531,16.012095562975166,15.44581419584597,15.836352748653225,50561200
2025-10-02,15.357942581176758,15.55907044526951,15.1040929908406,15.543449089591759,30873300
2025-10-03,15.436051368713379,15.582503092651844,15.231018396529118,15.396997513588632,22120200
2025-10-06,15.318889617919922,15.54344999415646,15.279835760894096,15.455578583069006,25054700
2025-10-07,15.83635139465332,15.914459098536602,15.27007100705816,15.357941475588895,31078400
2025-10-08,15.699665069580078,15.904698978256489,15.645965668206856,15.719192463213021,18797500
2025-10-09,16.441688537597656,16.451452233980675,15.680136979834343,15.787535777812863,39063200
2025-10-10,16.256183624267578,16.54908895776551,16.178075907781768,16.45145384659953,21210900
2025-10-13,15.83635139465332,16.25130008459883,15.758243690770037,16.168309601715908,23283000
2025-10-14,15.7680082321167,16.01697783188227,15.611792815972859,15.816826713558306,17858800
2025-10-15,15.875407218933105,16.334289776564816,15.79729950992697,15.816826902737173,16035800
2025-10-16,13.776260375976562,16.04138679580787,13.717680058091817,15.89493506997864,87211200
2025-10-17,14.928350448608398,15.206609285140944,13.883659116751513,13.883659116751513,51896500
2025-10-20,14.606155395507812,14.899059766723186,14.529023498292416,14.81118836224684,29629300
2025-10-21,14.576866149902344,14.889297002153912,14.454822731851902,14.742845272940336,25586000
2025-10-22,14.83071517944336,15.17243710924364,14.518284339249286,14.586628352762402,23711600
2025-10-23,14.733080863952637,14.889296282528258,14.64032761000436,14.801424876800136,20422400
2025-10-24,14.645209312438965,14.967403842823236,14.625681919752727,14.879532437969829,20455000
2025-10-27,14.72331714630127,14.869768868225593,14.53292972157618,14.74284453915376,18913800
2025-10-28,14.166799545288086,14.571983637509641,14.08869183578398,14.547574396341268,29928100
2025-10-29,13.97153091430664,14.723317885649957,13.75673423772967,14.000821073938877,64351200
2025-10-30,13.90318489074707,14.030110147484518,13.688389161915067,14.020346451323796,34414100
2025-10-31,14.030111312866211,14.069165169635713,13.727444155681923,13.903186045585985,46602300
2025-11-03,15.758244514465332,16.77364658025839,15.753363597445116,16.661366866446883,203526000
2025-11-04,15.592267036437988,16.041386843052347,15.50439562823471,15.748481528296509,82978500
2025-11-05,15.846116065979004,16.06091366155789,15.572739085557151,15.631320332634786,59492800
2025-11-06,16.070676803588867,16.34405473737671,15.816828126356723,15.836353658442782,63905400
2025-11-07,16.480741500854492,16.636958781126864,16.09996665216694,16.11949404498032,47283800
2025-11-10,16.37334442138672,16.49050505277109,16.08043911845647,16.344053332423297,43689200
2025-11-11,16.324525833129883,16.636958526661232,16.305000302849823,16.383108010674,28741500
2025-11-12,16.48073387145996,16.84653383161078,16.421415621543915,16.470847182191758,34933500
2025-11-13,16.57959747314453,16.86630389484819,16.55982409628414,16.599370850004924,30762100
2025-11-14,16.47084617614746,16.787212670633508,16.45107279881882,16.629029423390485,34737900
2025-11-17,16.055614471435547,17.04426069666453,15.759020415297549,16.5005060270658,54955600
2025-11-18,16.04572868347168,16.41647103874058,15.917205496683438,16.253345382982694,44935300
2025-11-19,15.87765884399414,16.095162234015675,15.81834059475788,16.05561547739607,30635600
2025-11-20,15.966636657714844,16.259275481847272,15.887545032660322,15.936978476877576,27266900
2025-11-21,16.451072692871094,16.559824381785187,16.0160697086008,16.065501265911003,46900000
2025-11-24,16.569711685180664,16.71800824830664,16.292890051170566,16.43130181102217,69858400
2025-11-25,16.836647033691406,16.866305215611455,16.569712082252043,16.609256953376494,46709500
2025-11-26,17.02448844909668,17.271650021802056,16.767440187199913,16.7872135655827,46265500
2025-11-28,17.153013229370117,17.212331477810274,16.965169909334318,17.004716665423167,9197800
2025-12-01,17.02448844909668,17.35074164964005,17.014601759905286,17.098637675185554,26675100
2025-12-02,16.668577194213867,16.953307433747923,16.63891712641274,16.92562545807747,30996900
2025-12-03,16.777326583862305,16.85641821032126,16.55982508252346,16.757555091517403,41596100
2025-12-04,16.797100067138672,16.994830077371446,16.72789512926514,16.757555196507994,38194800
2025-12-05,16.737781524658203,16.89102048849134,16.63397411966935,16.737781524658203,21148100
2025-12-08,16.569711685180664,16.71800824830664,16.510393437068895,16.678463378129827,25717700
2025-12-09,16.826759338378906,16.886077584365392,16.569711091513412,16.589484468739922,37343400
2025-12-10,17.123353958129883,17.153014026575004,16.787214058524665,16.80698743748808,34842800
2025-12-11,17.123353958129883,17.388310824882733,17.04426232796943,17.123353958129883,57405300
2025-12-12,17.13323974609375,17.291422998091356,17.103579679209282,17.202444683131066,46965300
2025-12-15,17.01460075378418,17.182670688713113,16.984942573656923,17.153012508585856,46841600
2025-12-16,17.054147720336914,17.241991034815843,16.94539603000284,17.182670902437405,24567300
2025-12-17,17.08380889892578,17.281537029316308,17.04920642896511,17.07392220955228,38076600
2025-12-18,16.905851364135742,17.20244448682337,16.876191297589745,17.083807992025555,53627200
2025-12-19,16.826759338378906,16.965169207578388,16.76743920669938,16.965169207578388,49715800
2025-12-22,16.81687355041504,16.871249397853585,16.732837635548243,16.787213482986793,33898800
2025-12-23,16.826759338378906,16.925624338818412,16.737781026552657,16.816872649765653,27073500
2025-12-24,17.01460075378418,17.040306521300376,16.80204354866436,16.806985950121224,14126800
2025-12-26,16.994829177856445,17.113465669162327,16.950340022193483,16.97505580074112,15562000
2025-12-29,16.994829177856445,17.103578980604663,16.96516911218346,17.01460066927874,22675900
2025-12-30,17.13323974609375,17.162899812978218,16.975056494096144,17.00471656098061,14425300
2025-12-31,17.054147720336914,17.172786099400728,17.054147720336914,17.12335265575203,12844300
2026-01-02,17.123353958129883,17.22221896725375,16.984944076772397,17.073922396414552,33294700
2026-01-05,16.629030227661133,17.04920603059801,16.589485356784298,17.024488364895205,47367200
2026-01-06,16.559825897216797,16.70812246841144,16.530165828700582,16.5697125867222,32121000
2026-01-07,16.549938201904297,16.62408742584187,16.367039171402862,16.51039333197919,40803000
2026-01-08,16.797100067138672,16.85147591423734,16.441186802996924,16.47579115762682,32662100
2026-01-09,16.638916015625,16.856417507900378,16.55982439246186,16.856417507900378,57493100
2026-01-12,16.80698585510254,17.0047158547339,16.64880260967466,16.64880260967466,44658100
2026-01-13,16.81687355041504,16.994830183598236,16.708121855537943,16.836646928700535,43774200
2026-01-14,16.92562484741211,16.984943095181034,16.826759844001835,16.836646532912173,47245500
2026-01-15,17.064035415649414,17.209365788593985,16.851476309654114,16.866305400776938,43584800
2026-01-16,17.004716873168945,17.093695189762784,16.866305110860118,17.004716873168945,57433300
2026-01-20,17.390287399291992,17.390287399291992,16.79709928201342,16.90585097112752,75981800
2026-01-21,17.18267059326172,17.395229682893792,17.073920790577493,17.38040059291254,40624600
2026-01-22,17.548471450805664,17.607789699546707,17.113466560087392,17.123353249159752,67117300
2026-01-23,17.597902297973633,17.627562363989846,17.44960573927867,17.5583574289784,43896000
2026-01-26,17.439720153808594,17.68589362594437,17.217276244541313,17.588018607577677,60882400
2026-01-27,17.30130958557129,17.66710953222833,17.2321046489399,17.499039592255055,79353400
2026-01-28,17.143125534057617,17.410060464909094,16.96516891348997,17.30130877774153,56730800
2026-01-29,17.004716873168945,17.241991755521468,16.979999207464882,17.18267162066348,42655000
2026-01-30,17.202444076538086,17.251877519602406,16.940453428222828,16.99482927274706,35778600
2026-02-02,17.18267059326172,17.286479880209566,17.044260724921962,17.2271597488985,24977100
2026-02-03,17.390287399291992,17.499039088406093,17.054147529023904,17.054147529023904,45811900
2026-02-04,17.805519104003906,17.89449741693569,17.39028760555327,17.40017429428936,94249300
2026-02-05,17.864837646484375,18.013134208594746,17.617676081069387,17.90438440208346,108838700
2026-02-06,17.924156188964844,17.970623438988643,17.810462093287345,17.815406380665088,63459000
2026-02-09,17.973588943481445,18.003247123835532,17.77783703323365,17.89449731971546,91503300
2026-02-10,18.11199951171875,18.339387703098296,17.95876054546838,18.00324781771413,99757300
2026-02-11,18.540000915527344,18.540000915527344,17.959999084472656,18.100000381469727,45922000
2026-02-12,18.549999237060547,18.969999313354492,18.440000534057617,18.469999313354492,64736200
2026-02-13,18.700000762939453,18.795000076293945,18.530000686645508,18.639999389648438,45438800
2026-02-17,18.40999984741211,18.84000015258789,18.402000427246094,18.75,48334700
2026-02-18,18.8799991607666,18.96500015258789,18.389999389648438,18.540000915527344,49139100
2026-02-19,18.65999984741211,18.94499969482422,18.540000915527344,18.93000030517578,37932900
2026-02-20,18.719999313354492,18.860000610351562,18.6200008392334,18.700000762939453,45306500
2026-02-23,18.950000762939453,19.010000228881836,18.610000610351562,18.639999389648438,20873400
2026-02-24,19.010000228881836,19.079999923706055,18.8700008392334,18.950000762939453,23431600
2026-02-25,18.770000457763672,19.04199981689453,18.6200008392334,18.969999313354492,45350400
2026-02-26,19.0,19.020000457763672,18.81999969482422,18.90999984741211,35205100
2026-02-27,19.1200008392334,19.18000030517578,18.93000030517578,19.040000915527344,24293100
2026-03-02,18.889999389648438,19.110000610351562,18.84000015258789,19.05500030517578,34825100
2026-03-03,18.149999618530273,18.780000686645508,18.100000381469727,18.71500015258789,33694700
2026-03-04,18.190000534057617,18.30500030517578,17.989999771118164,18.200000762939453,40715600
2026-03-05,18.25,18.290000915527344,17.93000030517578,18.0,43632600
2026-03-06,18.389999389648438,18.44499969482422,17.954999923706055,18.09000015258789,19035200
2026-03-09,18.15999984741211,18.243000030517578,18.010000228881836,18.190000534057617,29336900
2026-03-10,17.959999084472656,18.139999389648438,17.8700008392334,18.1200008392334,30105500
2026-03-11,17.649999618530273,17.959999084472656,17.604999542236328,17.950000762939453,19055900
2026-03-12,17.389999389648438,17.785999298095703,17.360000610351562,17.649999618530273,26380900
2026-03-13,17.489999771118164,17.65399932861328,17.479999542236328,17.559999465942383,19221700
2026-03-16,17.709999084472656,17.75,17.540000915527344,17.610000610351562,14091200
2026-03-17,17.770000457763672,17.959999084472656,17.729999542236328,17.75,13401000
2026-03-18,17.510000228881836,17.614999771118164,17.3799991607666,17.549999237060547,17807700
2026-03-19,17.43000030517578,17.575000762939453,17.329999923706055,17.540000915527344,24019600
2026-03-20,17.399999618530273,17.649999618530273,17.360000610351562,17.489999771118164,29750500
2026-03-23,17.600000381469727,17.790000915527344,17.469999313354492,17.559999465942383,24035100
2026-03-24,17.549999237060547,17.7549991607666,17.420000076293945,17.549999237060547,15419400
2026-03-25,17.65999984741211,17.68000030517578,17.420000076293945,17.6200008392334,22748200
2026-03-26,17.56999969482422,17.860000610351562,17.510000228881836,17.6200008392334,15052000
2026-03-27,17.520000457763672,17.700000762939453,17.489999771118164,17.55500030517578,11837100
2026-03-30,17.239999771118164,17.6200008392334,17.139999389648438,17.600000381469727,22568200
2026-03-31,17.239999771118164,17.329999923706055,16.920000076293945,17.299999237060547,26923500
2026-04-01,17.3799991607666,17.475000381469727,17.170000076293945,17.229999542236328,21272200
2026-04-02,17.139999389648438,17.440000534057617,17.114999771118164,17.360000610351562,14787400
2026-04-06,17.299999237060547,17.350000381469727,17.084999084472656,17.1200008392334,17022800
2026-04-07,16.729999542236328,17.270000457763672,16.639999389648438,17.25,21260100
2026-04-08,17.34000015258789,17.34000015258789,16.760000228881836,16.80500030517578,20367200
2026-04-09,17.43000030517578,17.559999465942383,17.170000076293945,17.229999542236328,31031500
